{
  "accuracy": 0.93388,
  "precision": 0.9290404240170873,
  "recall": 0.93952,
  "f1": 0.9342508253450539
}