{
  "accuracy": 0.895,
  "precision": 0.888015717092338,
  "recall": 0.904,
  "f1": 0.8959365708622399
}