{
  "accuracy": 0.8464,
  "precision": 0.8338473400154202,
  "recall": 0.8652,
  "f1": 0.8492343934040048
}